{
 "actions": [],
 "creation": "2025-01-27 10:00:00.000000",
 "doctype": "DocType",
 "editable_grid": 1,
 "engine": "InnoDB",
 "field_order": [
  "item_code",
  "item_name",
  "description",
  "qty",
  "uom",
  "conversion_factor",
  "stock_qty",
  "rate",
  "amount",
  "warehouse",
  "batch_no",
  "serial_no"
 ],
 "fields": [
  {
   "fieldname": "item_code",
   "fieldtype": "Link",
   "in_list_view": 1,
   "label": "Item",
   "options": "Item",
   "reqd": 1
  },
  {
   "fetch_from": "item_code.item_name",
   "fieldname": "item_name",
   "fieldtype": "Data",
   "label": "Item Name",
   "read_only": 1
  },
  {
   "fetch_from": "item_code.description",
   "fetch_if_empty": 1,
   "fieldname": "description",
   "fieldtype": "Text Editor",
   "label": "Description"
  },
  {
   "fieldname": "qty",
   "fieldtype": "Float",
   "in_list_view": 1,
   "label": "Quantity",
   "reqd": 1
  },
  {
   "fetch_from": "item_code.stock_uom",
   "fetch_if_empty": 1,
   "fieldname": "uom",
   "fieldtype": "Link",
   "label": "UOM",
   "options": "UOM",
   "read_only": 1
  },
  {
   "default": "1",
   "fieldname": "conversion_factor",
   "fieldtype": "Float",
   "label": "Conversion Factor",
   "read_only": 1
  },
  {
   "fieldname": "stock_qty",
   "fieldtype": "Float",
   "label": "Stock Quantity",
   "read_only": 1
  },
  {
   "fieldname": "rate",
   "fieldtype": "Float",
   "label": "Rate",
   "read_only": 1
  },
  {
   "fieldname": "amount",
   "fieldtype": "Float",
   "label": "Amount",
   "read_only": 1
  },
  {
   "fieldname": "warehouse",
   "fieldtype": "Link",
   "label": "Warehouse",
   "options": "Warehouse"
  },
  {
   "fieldname": "batch_no",
   "fieldtype": "Link",
   "label": "Batch No",
   "options": "Batch"
  },
  {
   "fieldname": "serial_no",
   "fieldtype": "Text",
   "label": "Serial No"
  }
 ],
 "idx": 1,
 "istable": 1,
 "links": [],
 "modified": "2025-01-27 10:00:00.000000",
 "modified_by": "Administrator",
 "name": "Ha Pos Invoice Item",
 "module": "Havano Pos Addson",
 "owner": "Administrator",
 "permissions": [],
 "sort_field": "modified",
 "sort_order": "DESC",
 "states": [],
 "track_changes": 1
}